FIRSTNAME,LASTNAME,EMAIL,PROGRAMME,COURSES
Almire,Bodman,abodman0@addtoany.com,Information Science,SCALA
Tracie,Elintune,telintune1@odnoklassniki.ru,Information Science,Java
Heindrick,Shallcross,hshallcross2@google.co.uk,Information Science,Java
Demetris,Ghidelli,dghidelli3@a8.net,Computer Science,SCALA
Felix,Semrad,fsemrad4@simplemachines.org,Computer Science,Java
Bird,Damsell,bdamsell5@unblog.fr,Information Science,Java
Gusti,Livsey,glivsey6@buzzfeed.com,Computer Science,Java
Lew,Edworthye,ledworthye7@chicagotribune.com,Computer Science,SCALA
Binky,Hamblen,bhamblen8@dyndns.org,Computer Science,SCALA
Moria,Berrow,mberrow9@bravesites.com,Information Science,Java
Ronda,Daniel,rdaniela@dyndns.org,Computer Science,Java
Rosanna,Munsey,rmunseyb@360.cn,Computer Science,Java
Roshelle,Smewings,rsmewingsc@goo.ne.jp,Computer Science,SCALA
Lauretta,Durrans,ldurransd@sciencedirect.com,Information Science,C#
Delcine,MacAvaddy,dmacavaddye@princeton.edu,Computer Science,C#
Oates,McTurk,omcturkf@biglobe.ne.jp,Computer Science,SCALA
Benito,Featley,bfeatleyg@imgur.com,Computer Science,C#
Aleece,Ballsdon,aballsdonh@e-recht24.de,Information Science,C#
Astra,Coke,acokei@jalbum.net,Information Science,SCALA
Felizio,Jell,fjellj@mapy.cz,Information Science,C#
Burnaby,Glasebrook,bglasebrookk@ucoz.ru,Computer Science,SCALA
Seymour,Kleisel,skleisell@bbb.org,Computer Science,SCALA
Lezlie,Meugens,lmeugensm@epa.gov,Computer Science,SCALA
Christal,Tulley,ctulleyn@ca.gov,Computer Science,SCALA
Ginni,Roelvink,groelvinko@nhs.uk,Computer Science,SCALA
Norman,Kollatsch,nkollatschp@nymag.com,Computer Science,Java
Murdock,Buzek,mbuzekq@utexas.edu,Computer Science,SCALA
Ketti,Glowacz,kglowaczr@yolasite.com,Computer Science,C#
Briano,Depke,bdepkes@washington.edu,Computer Science,SCALA
Hersch,Miebes,hmiebest@imageshack.us,Information Science,SCALA
Bee,Bene,bbeneu@sogou.com,Information Science,Java
Allison,Clynmans,aclynmansv@mlb.com,Information Science,Java
Maurene,Ewols,mewolsw@usgs.gov,Information Science,Java
Carmen,Beert,cbeertx@clickbank.net,Computer Science,C#
Jenny,Gietz,jgietzy@smugmug.com,Information Science,Java
Abbott,Gammie,agammiez@salon.com,Information Science,C#
Tersina,Drewery,tdrewery10@github.io,Computer Science,Java
Elyse,Stanyland,estanyland11@example.com,Information Science,C#
Hamnet,Shortan,hshortan12@marriott.com,Computer Science,Java
Lauralee,Bullier,lbullier13@salon.com,Computer Science,C#
Cristy,Chamberlayne,cchamberlayne14@sbwire.com,Information Science,SCALA
Trumaine,Brandenburg,tbrandenburg15@hostgator.com,Information Science,SCALA
Phylis,Laborda,plaborda16@desdev.cn,Information Science,Java
Lilia,Van Dale,lvandale17@issuu.com,Computer Science,SCALA
Padgett,Vanderplas,pvanderplas18@nytimes.com,Information Science,Java
Rebeca,Strelitzki,rstrelitzki19@liveinternet.ru,Computer Science,C#
Tallou,Drinkhall,tdrinkhall1a@zimbio.com,Information Science,Java
Phillipp,Casellas,pcasellas1b@google.nl,Information Science,SCALA
Sylvia,Huchot,shuchot1c@paypal.com,Computer Science,Java
Adham,Benallack,abenallack1d@nasa.gov,Information Science,SCALA
Dylan,Churchouse,dchurchouse1e@businessweek.com,Information Science,SCALA
Fey,L'Hommee,flhommee1f@amazon.com,Information Science,C#
Marthe,Perrin,mperrin1g@businesswire.com,Computer Science,C#
Ahmad,Paddefield,apaddefield1h@vimeo.com,Computer Science,Java
Katti,MacGowan,kmacgowan1i@addthis.com,Computer Science,C#
Rozina,Grindley,rgrindley1j@flickr.com,Information Science,SCALA
Goraud,Garret,ggarret1k@ow.ly,Computer Science,SCALA
Klemens,Strang,kstrang1l@storify.com,Information Science,Java
Juliet,Kiln,jkiln1m@microsoft.com,Computer Science,SCALA
Kalindi,Collison,kcollison1n@earthlink.net,Computer Science,C#
Helaine,Fuggle,hfuggle1o@china.com.cn,Information Science,Java
Raynell,Scothern,rscothern1p@fda.gov,Information Science,Java
Gaspar,Ghelarducci,gghelarducci1q@abc.net.au,Information Science,Java
Mozelle,Pittford,mpittford1r@163.com,Information Science,SCALA
Roderigo,Tebb,rtebb1s@i2i.jp,Computer Science,C#
Forester,Lissimore,flissimore1t@comsenz.com,Information Science,SCALA
Harmony,Filipchikov,hfilipchikov1u@themeforest.net,Information Science,Java
Carmela,Axelbee,caxelbee1v@un.org,Information Science,Java
Mikaela,MacKaile,mmackaile1w@nsw.gov.au,Computer Science,Java
Burnard,Fonquernie,bfonquernie1x@geocities.jp,Computer Science,SCALA
Ollie,Dodshon,ododshon1y@aol.com,Information Science,C#
Cullen,Regi,cregi1z@wikimedia.org,Information Science,Java
Lacie,Lambdon,llambdon20@go.com,Information Science,C#
Rochester,Margerison,rmargerison21@ted.com,Information Science,Java
Rolfe,Bushill,rbushill22@goo.ne.jp,Computer Science,Java
Mala,Veronique,mveronique23@fema.gov,Information Science,Java
Gaby,Bowmaker,gbowmaker24@npr.org,Computer Science,SCALA
Quinn,Twiddell,qtwiddell25@smh.com.au,Computer Science,SCALA
Hort,Claessens,hclaessens26@ihg.com,Computer Science,Java
Tiffani,Dudhill,tdudhill27@vinaora.com,Computer Science,SCALA
Yuma,Becke,ybecke28@wikia.com,Computer Science,C#
Arlen,Wiszniewski,awiszniewski29@toplist.cz,Computer Science,SCALA
Granthem,Lugard,glugard2a@lycos.com,Information Science,C#
Cullie,Gunther,cgunther2b@europa.eu,Computer Science,Java
Cobby,Sehorsch,csehorsch2c@fema.gov,Information Science,Java
Theo,Flippini,tflippini2d@woothemes.com,Computer Science,SCALA
Edita,Reay,ereay2e@exblog.jp,Computer Science,SCALA
Roanne,McInulty,rmcinulty2f@guardian.co.uk,Information Science,Java
Margarethe,Turn,mturn2g@nymag.com,Computer Science,Java
Putnam,Stickins,pstickins2h@nih.gov,Information Science,SCALA
Janina,Tayler,jtayler2i@homestead.com,Information Science,C#
Henrietta,Stower,hstower2j@usa.gov,Computer Science,SCALA
Cissy,Targett,ctargett2k@histats.com,Information Science,SCALA
Novelia,Skone,nskone2l@senate.gov,Computer Science,C#
Enrika,Basilotta,ebasilotta2m@go.com,Information Science,Java
Desmond,Blundell,dblundell2n@biglobe.ne.jp,Computer Science,Java
Geno,Bogays,gbogays2o@spiegel.de,Computer Science,C#
Dehlia,MacHarg,dmacharg2p@msn.com,Information Science,C#
Nicky,Warrier,nwarrier2q@salon.com,Computer Science,C#
Win,Keppie,wkeppie2r@house.gov,Information Science,SCALA